{"cameraMode":{"drawMode":0,"name":"Shaded","section":"Shading Mode"},"sceneLighting":true,"audioPlay":false,"sceneViewState":{"m_AlwaysRefresh":false,"showFog":true,"showSkybox":true,"showFlares":true,"showImageEffects":true,"showParticleSystems":true,"showVisualEffectGraphs":true,"m_FxEnabled":false},"in2DMode":false,"pivot":{"x":-0.3000030517578125,"y":1.5600128173828126,"z":0.29998779296875},"rotation":{"x":0.09923137724399567,"y":0.1339096575975418,"z":-0.013485169038176537,"w":0.9859399199485779},"size":0.1456174999475479,"orthographic":false}