{"cameraMode":{"drawMode":0,"name":"Shaded","section":"Shading Mode"},"sceneLighting":true,"audioPlay":false,"sceneViewState":{"m_AlwaysRefresh":false,"showFog":true,"showSkybox":true,"showFlares":true,"showImageEffects":true,"showParticleSystems":true,"showVisualEffectGraphs":true,"m_FxEnabled":false},"in2DMode":false,"pivot":{"x":0.28629377484321597,"y":1.1860826015472413,"z":0.08421193808317185},"rotation":{"x":-0.01852618157863617,"y":0.17269937694072724,"z":-0.0032486950512975456,"w":-0.9848109483718872},"size":0.1169327050447464,"orthographic":false}