{"cameraMode":{"drawMode":0,"name":"Shaded","section":"Shading Mode"},"sceneLighting":false,"audioPlay":false,"sceneViewState":{"m_AlwaysRefresh":false,"showFog":true,"showSkybox":false,"showFlares":true,"showImageEffects":true,"showParticleSystems":true,"showVisualEffectGraphs":true,"m_FxEnabled":false},"in2DMode":false,"pivot":{"x":0.3988384008407593,"y":-0.08544991910457611,"z":0.2503930330276489},"rotation":{"x":0.07687776535749436,"y":-0.07809004187583924,"z":-0.006040744483470917,"w":-0.9939730763435364},"size":0.3583976626396179,"orthographic":false}